1	1-24925062	1	1	24925062	24925062
1	24925063-49850124	1	24925063	49850124	24925062
1	49850125-74775186	1	49850125	74775186	24925062
1	74775187-99700248	1	74775187	99700248	24925062
1	99700249-124625310	1	99700249	124625310	24925062
1	124625311-149550372	1	124625311	149550372	24925062
1	149550373-174475434	1	149550373	174475434	24925062
1	174475435-199400496	1	174475435	199400496	24925062
1	199400497-224325558	1	199400497	224325558	24925062
1	224325559-249250621	1	224325559	249250621	24925063
2	1-24319937	2	1	24319937	24319937
2	24319938-48639874	2	24319938	48639874	24319937
2	48639875-72959811	2	48639875	72959811	24319937
2	72959812-97279749	2	72959812	97279749	24319938
2	97279750-121599686	2	97279750	121599686	24319937
2	121599687-145919623	2	121599687	145919623	24319937
2	145919624-170239561	2	145919624	170239561	24319938
2	170239562-194559498	2	170239562	194559498	24319937
2	194559499-218879435	2	194559499	218879435	24319937
2	218879436-243199373	2	218879436	243199373	24319938
3	1-19802243	3	1	19802243	19802243
3	19802244-39604486	3	19802244	39604486	19802243
3	39604487-59406729	3	39604487	59406729	19802243
3	59406730-79208972	3	59406730	79208972	19802243
3	79208973-99011215	3	79208973	99011215	19802243
3	99011216-118813458	3	99011216	118813458	19802243
3	118813459-138615701	3	118813459	138615701	19802243
3	138615702-158417944	3	138615702	158417944	19802243
3	158417945-178220187	3	158417945	178220187	19802243
3	178220188-198022430	3	178220188	198022430	19802243
4	1-19115427	4	1	19115427	19115427
4	19115428-38230855	4	19115428	38230855	19115428
4	38230856-57346282	4	38230856	57346282	19115427
4	57346283-76461710	4	57346283	76461710	19115428
4	76461711-95577138	4	76461711	95577138	19115428
4	95577139-114692565	4	95577139	114692565	19115427
4	114692566-133807993	4	114692566	133807993	19115428
4	133807994-152923420	4	133807994	152923420	19115427
4	152923421-172038848	4	152923421	172038848	19115428
4	172038849-191154276	4	172038849	191154276	19115428
5	1-18091526	5	1	18091526	18091526
5	18091527-36183052	5	18091527	36183052	18091526
5	36183053-54274578	5	36183053	54274578	18091526
5	54274579-72366104	5	54274579	72366104	18091526
5	72366105-90457630	5	72366105	90457630	18091526
5	90457631-108549156	5	90457631	108549156	18091526
5	108549157-126640682	5	108549157	126640682	18091526
5	126640683-144732208	5	126640683	144732208	18091526
5	144732209-162823734	5	144732209	162823734	18091526
5	162823735-180915260	5	162823735	180915260	18091526
6	1-17111506	6	1	17111506	17111506
6	17111507-34223013	6	17111507	34223013	17111507
6	34223014-51334520	6	34223014	51334520	17111507
6	51334521-68446026	6	51334521	68446026	17111506
6	68446027-85557533	6	68446027	85557533	17111507
6	85557534-102669040	6	85557534	102669040	17111507
6	102669041-119780546	6	102669041	119780546	17111506
6	119780547-136892053	6	119780547	136892053	17111507
6	136892054-154003560	6	136892054	154003560	17111507
6	154003561-171115067	6	154003561	171115067	17111507
7	1-15913866	7	1	15913866	15913866
7	15913867-31827732	7	15913867	31827732	15913866
7	31827733-47741598	7	31827733	47741598	15913866
7	47741599-63655465	7	47741599	63655465	15913867
7	63655466-79569331	7	63655466	79569331	15913866
7	79569332-95483197	7	79569332	95483197	15913866
7	95483198-111397064	7	95483198	111397064	15913867
7	111397065-127310930	7	111397065	127310930	15913866
7	127310931-143224796	7	127310931	143224796	15913866
7	143224797-159138663	7	143224797	159138663	15913867
8	1-14636402	8	1	14636402	14636402
8	14636403-29272804	8	14636403	29272804	14636402
8	29272805-43909206	8	29272805	43909206	14636402
8	43909207-58545608	8	43909207	58545608	14636402
8	58545609-73182011	8	58545609	73182011	14636403
8	73182012-87818413	8	73182012	87818413	14636402
8	87818414-102454815	8	87818414	102454815	14636402
8	102454816-117091217	8	102454816	117091217	14636402
8	117091218-131727619	8	117091218	131727619	14636402
8	131727620-146364022	8	131727620	146364022	14636403
9	1-14121343	9	1	14121343	14121343
9	14121344-28242686	9	14121344	28242686	14121343
9	28242687-42364029	9	28242687	42364029	14121343
9	42364030-56485372	9	42364030	56485372	14121343
9	56485373-70606715	9	56485373	70606715	14121343
9	70606716-84728058	9	70606716	84728058	14121343
9	84728059-98849401	9	84728059	98849401	14121343
9	98849402-112970744	9	98849402	112970744	14121343
9	112970745-127092087	9	112970745	127092087	14121343
9	127092088-141213431	9	127092088	141213431	14121344
10	1-13553474	10	1	13553474	13553474
10	13553475-27106949	10	13553475	27106949	13553475
10	27106950-40660424	10	27106950	40660424	13553475
10	40660425-54213898	10	40660425	54213898	13553474
10	54213899-67767373	10	54213899	67767373	13553475
10	67767374-81320848	10	67767374	81320848	13553475
10	81320849-94874322	10	81320849	94874322	13553474
10	94874323-108427797	10	94874323	108427797	13553475
10	108427798-121981272	10	108427798	121981272	13553475
10	121981273-135534747	10	121981273	135534747	13553475
11	1-27001303	11	1	27001303	27001303
11	27001304-54002606	11	27001304	54002606	27001303
11	54002607-81003909	11	54002607	81003909	27001303
11	81003910-108005212	11	81003910	108005212	27001303
11	108005213-135006516	11	108005213	135006516	27001304
12	1-26770379	12	1	26770379	26770379
12	26770380-53540758	12	26770380	53540758	26770379
12	53540759-80311137	12	53540759	80311137	26770379
12	80311138-107081516	12	80311138	107081516	26770379
12	107081517-133851895	12	107081517	133851895	26770379
13	1-23033975	13	1	23033975	23033975
13	23033976-46067951	13	23033976	46067951	23033976
13	46067952-69101926	13	46067952	69101926	23033975
13	69101927-92135902	13	69101927	92135902	23033976
13	92135903-115169878	13	92135903	115169878	23033976
14	1-21469908	14	1	21469908	21469908
14	21469909-42939816	14	21469909	42939816	21469908
14	42939817-64409724	14	42939817	64409724	21469908
14	64409725-85879632	14	64409725	85879632	21469908
14	85879633-107349540	14	85879633	107349540	21469908
15	1-20506278	15	1	20506278	20506278
15	20506279-41012556	15	20506279	41012556	20506278
15	41012557-61518835	15	41012557	61518835	20506279
15	61518836-82025113	15	61518836	82025113	20506278
15	82025114-102531392	15	82025114	102531392	20506279
16	1-18070950	16	1	18070950	18070950
16	18070951-36141901	16	18070951	36141901	18070951
16	36141902-54212851	16	36141902	54212851	18070950
16	54212852-72283802	16	54212852	72283802	18070951
16	72283803-90354753	16	72283803	90354753	18070951
17	1-16239042	17	1	16239042	16239042
17	16239043-32478084	17	16239043	32478084	16239042
17	32478085-48717126	17	32478085	48717126	16239042
17	48717127-64956168	17	48717127	64956168	16239042
17	64956169-81195210	17	64956169	81195210	16239042
18	1-15615449	18	1	15615449	15615449
18	15615450-31230899	18	15615450	31230899	15615450
18	31230900-46846348	18	31230900	46846348	15615449
18	46846349-62461798	18	46846349	62461798	15615450
18	62461799-78077248	18	62461799	78077248	15615450
19	1-11825796	19	1	11825796	11825796
19	11825797-23651593	19	11825797	23651593	11825797
19	23651594-35477389	19	23651594	35477389	11825796
19	35477390-47303186	19	35477390	47303186	11825797
19	47303187-59128983	19	47303187	59128983	11825797
20	1-12605104	20	1	12605104	12605104
20	12605105-25210208	20	12605105	25210208	12605104
20	25210209-37815312	20	25210209	37815312	12605104
20	37815313-50420416	20	37815313	50420416	12605104
20	50420417-63025520	20	50420417	63025520	12605104
21	1-9625979	21	1	9625979	9625979
21	9625980-19251958	21	9625980	19251958	9625979
21	19251959-28877937	21	19251959	28877937	9625979
21	28877938-38503916	21	28877938	38503916	9625979
21	38503917-48129895	21	38503917	48129895	9625979
22	1-10260913	22	1	10260913	10260913
22	10260914-20521826	22	10260914	20521826	10260913
22	20521827-30782739	22	20521827	30782739	10260913
22	30782740-41043652	22	30782740	41043652	10260913
22	41043653-51304566	22	41043653	51304566	10260914
