1	1-24895642	chr1	1	24895642	24895642
1	24895643-49791284	chr1	24895643	49791284	24895642
1	49791285-74686926	chr1	49791285	74686926	24895642
1	74686927-99582568	chr1	74686927	99582568	24895642
1	99582569-124478211	chr1	99582569	124478211	24895643
1	124478212-149373853	chr1	124478212	149373853	24895642
1	149373854-174269495	chr1	149373854	174269495	24895642
1	174269496-199165137	chr1	174269496	199165137	24895642
1	199165138-224060779	chr1	199165138	224060779	24895642
1	224060780-248956422	chr1	224060780	248956422	24895643
2	1-24219352	chr2	1	24219352	24219352
2	24219353-48438705	chr2	24219353	48438705	24219353
2	48438706-72658058	chr2	48438706	72658058	24219353
2	72658059-96877411	chr2	72658059	96877411	24219353
2	96877412-121096764	chr2	96877412	121096764	24219353
2	121096765-145316117	chr2	121096765	145316117	24219353
2	145316118-169535470	chr2	145316118	169535470	24219353
2	169535471-193754823	chr2	169535471	193754823	24219353
2	193754824-217974176	chr2	193754824	217974176	24219353
2	217974177-242193529	chr2	217974177	242193529	24219353
3	1-19829555	chr3	1	19829555	19829555
3	19829556-39659111	chr3	19829556	39659111	19829556
3	39659112-59488667	chr3	39659112	59488667	19829556
3	59488668-79318223	chr3	59488668	79318223	19829556
3	79318224-99147779	chr3	79318224	99147779	19829556
3	99147780-118977335	chr3	99147780	118977335	19829556
3	118977336-138806891	chr3	118977336	138806891	19829556
3	138806892-158636447	chr3	138806892	158636447	19829556
3	158636448-178466003	chr3	158636448	178466003	19829556
3	178466004-198295559	chr3	178466004	198295559	19829556
4	1-19021455	chr4	1	19021455	19021455
4	19021456-38042911	chr4	19021456	38042911	19021456
4	38042912-57064366	chr4	38042912	57064366	19021455
4	57064367-76085822	chr4	57064367	76085822	19021456
4	76085823-95107277	chr4	76085823	95107277	19021455
4	95107278-114128733	chr4	95107278	114128733	19021456
4	114128734-133150188	chr4	114128734	133150188	19021455
4	133150189-152171644	chr4	133150189	152171644	19021456
4	152171645-171193099	chr4	152171645	171193099	19021455
4	171193100-190214555	chr4	171193100	190214555	19021456
5	1-18153825	chr5	1	18153825	18153825
5	18153826-36307651	chr5	18153826	36307651	18153826
5	36307652-54461477	chr5	36307652	54461477	18153826
5	54461478-72615303	chr5	54461478	72615303	18153826
5	72615304-90769129	chr5	72615304	90769129	18153826
5	90769130-108922955	chr5	90769130	108922955	18153826
5	108922956-127076781	chr5	108922956	127076781	18153826
5	127076782-145230607	chr5	127076782	145230607	18153826
5	145230608-163384433	chr5	145230608	163384433	18153826
5	163384434-181538259	chr5	163384434	181538259	18153826
6	1-17080597	chr6	1	17080597	17080597
6	17080598-34161195	chr6	17080598	34161195	17080598
6	34161196-51241793	chr6	34161196	51241793	17080598
6	51241794-68322391	chr6	51241794	68322391	17080598
6	68322392-85402989	chr6	68322392	85402989	17080598
6	85402990-102483587	chr6	85402990	102483587	17080598
6	102483588-119564185	chr6	102483588	119564185	17080598
6	119564186-136644783	chr6	119564186	136644783	17080598
6	136644784-153725381	chr6	136644784	153725381	17080598
6	153725382-170805979	chr6	153725382	170805979	17080598
7	1-15934597	chr7	1	15934597	15934597
7	15934598-31869194	chr7	15934598	31869194	15934597
7	31869195-47803791	chr7	31869195	47803791	15934597
7	47803792-63738389	chr7	47803792	63738389	15934598
7	63738390-79672986	chr7	63738390	79672986	15934597
7	79672987-95607583	chr7	79672987	95607583	15934597
7	95607584-111542181	chr7	95607584	111542181	15934598
7	111542182-127476778	chr7	111542182	127476778	15934597
7	127476779-143411375	chr7	127476779	143411375	15934597
7	143411376-159345973	chr7	143411376	159345973	15934598
8	1-14513863	chr8	1	14513863	14513863
8	14513864-29027727	chr8	14513864	29027727	14513864
8	29027728-43541590	chr8	29027728	43541590	14513863
8	43541591-58055454	chr8	43541591	58055454	14513864
8	58055455-72569318	chr8	58055455	72569318	14513864
8	72569319-87083181	chr8	72569319	87083181	14513863
8	87083182-101597045	chr8	87083182	101597045	14513864
8	101597046-116110908	chr8	101597046	116110908	14513863
8	116110909-130624772	chr8	116110909	130624772	14513864
8	130624773-145138636	chr8	130624773	145138636	14513864
9	1-13839471	chr9	1	13839471	13839471
9	13839472-27678943	chr9	13839472	27678943	13839472
9	27678944-41518415	chr9	27678944	41518415	13839472
9	41518416-55357886	chr9	41518416	55357886	13839471
9	55357887-69197358	chr9	55357887	69197358	13839472
9	69197359-83036830	chr9	69197359	83036830	13839472
9	83036831-96876301	chr9	83036831	96876301	13839471
9	96876302-110715773	chr9	96876302	110715773	13839472
9	110715774-124555245	chr9	110715774	124555245	13839472
9	124555246-138394717	chr9	124555246	138394717	13839472
10	1-13379742	chr10	1	13379742	13379742
10	13379743-26759484	chr10	13379743	26759484	13379742
10	26759485-40139226	chr10	26759485	40139226	13379742
10	40139227-53518968	chr10	40139227	53518968	13379742
10	53518969-66898711	chr10	53518969	66898711	13379743
10	66898712-80278453	chr10	66898712	80278453	13379742
10	80278454-93658195	chr10	80278454	93658195	13379742
10	93658196-107037937	chr10	93658196	107037937	13379742
10	107037938-120417679	chr10	107037938	120417679	13379742
10	120417680-133797422	chr10	120417680	133797422	13379743
11	1-27017324	chr11	1	27017324	27017324
11	27017325-54034648	chr11	27017325	54034648	27017324
11	54034649-81051973	chr11	54034649	81051973	27017325
11	81051974-108069297	chr11	81051974	108069297	27017324
11	108069298-135086622	chr11	108069298	135086622	27017325
12	1-26655061	chr12	1	26655061	26655061
12	26655062-53310123	chr12	26655062	53310123	26655062
12	53310124-79965185	chr12	53310124	79965185	26655062
12	79965186-106620247	chr12	79965186	106620247	26655062
12	106620248-133275309	chr12	106620248	133275309	26655062
13	1-22872865	chr13	1	22872865	22872865
13	22872866-45745731	chr13	22872866	45745731	22872866
13	45745732-68618596	chr13	45745732	68618596	22872865
13	68618597-91491462	chr13	68618597	91491462	22872866
13	91491463-114364328	chr13	91491463	114364328	22872866
14	1-21408743	chr14	1	21408743	21408743
14	21408744-42817487	chr14	21408744	42817487	21408744
14	42817488-64226230	chr14	42817488	64226230	21408743
14	64226231-85634974	chr14	64226231	85634974	21408744
14	85634975-107043718	chr14	85634975	107043718	21408744
15	1-20398237	chr15	1	20398237	20398237
15	20398238-40796475	chr15	20398238	40796475	20398238
15	40796476-61194713	chr15	40796476	61194713	20398238
15	61194714-81592951	chr15	61194714	81592951	20398238
15	81592952-101991189	chr15	81592952	101991189	20398238
16	1-18067669	chr16	1	18067669	18067669
16	18067670-36135338	chr16	18067670	36135338	18067669
16	36135339-54203007	chr16	36135339	54203007	18067669
16	54203008-72270676	chr16	54203008	72270676	18067669
16	72270677-90338345	chr16	72270677	90338345	18067669
17	1-16651488	chr17	1	16651488	16651488
17	16651489-33302976	chr17	16651489	33302976	16651488
17	33302977-49954464	chr17	33302977	49954464	16651488
17	49954465-66605952	chr17	49954465	66605952	16651488
17	66605953-83257441	chr17	66605953	83257441	16651489
18	1-16074657	chr18	1	16074657	16074657
18	16074658-32149314	chr18	16074658	32149314	16074657
18	32149315-48223971	chr18	32149315	48223971	16074657
18	48223972-64298628	chr18	48223972	64298628	16074657
18	64298629-80373285	chr18	64298629	80373285	16074657
19	1-11723523	chr19	1	11723523	11723523
19	11723524-23447046	chr19	11723524	23447046	11723523
19	23447047-35170569	chr19	23447047	35170569	11723523
19	35170570-46894092	chr19	35170570	46894092	11723523
19	46894093-58617616	chr19	46894093	58617616	11723524
20	1-12888833	chr20	1	12888833	12888833
20	12888834-25777666	chr20	12888834	25777666	12888833
20	25777667-38666500	chr20	25777667	38666500	12888834
20	38666501-51555333	chr20	38666501	51555333	12888833
20	51555334-64444167	chr20	51555334	64444167	12888834
21	1-9341996	chr21	1	9341996	9341996
21	9341997-18683993	chr21	9341997	18683993	9341997
21	18683994-28025989	chr21	18683994	28025989	9341996
21	28025990-37367986	chr21	28025990	37367986	9341997
21	37367987-46709983	chr21	37367987	46709983	9341997
22	10163694-20327387	chr22	10163694	20327387	10163694
22	20327388-30491080	chr22	20327388	30491080	10163693
22	30491081-40654774	chr22	30491081	40654774	10163694
22	40654775-50818468	chr22	40654775	50818468	10163694
